season,game_id,game_date,home_team,away_team,home_score,away_score,label,is_playoff,game_type,max_games,elo_diff,win_pct_diff,rpg_diff,rapg_diff,pythagorean_diff,log5_prob,sp_era_diff,sp_whip_diff,sp_k9_diff,sp_bb9_diff,series_game_num,series_deficit,is_elimination_game
2018,563347,2018-10-03,CHC,COL,1,2,0,1,F,3,1.67305961499369,0.022761702772307157,-0.09241024087259486,-0.5741933040448419,0.006828510831692147,0.5100491589472629,0.46999999999999975,0.06000000000000005,-0.31357102912503887,0.05696839623354455,1,0,0
2018,563346,2018-10-04,NYY,OAK,7,2,1,1,F,3,-6.41627116728705,0.009756097560975618,0.20655487804878092,0.0448170731707318,0.0029268292682926855,0.5040322580645161,-0.7399999999999998,-0.32000000000000006,2.0984320557491287,-1.5862369337979096,1,0,0
2018,563383,2018-10-04,MIL,COL,3,2,1,1,D,5,11.898152545317089,0.027474892395982775,-0.1543758967001434,-0.5535868005738882,0.008242467718794833,0.5120797325427364,-0.77,-0.19000000000000017,3.1175872388645143,-0.012551936542987807,1,0,0
2018,563388,2018-10-05,LAD,ATL,6,0,1,1,D,5,19.82991829922753,0.016487730061349737,0.33512269938650263,-0.28430005577244843,0.004946319018404921,0.5074368730543065,-0.8800000000000001,-0.07000000000000006,-0.20568129023694226,-1.7045861817216434,1,0,0
2018,563378,2018-10-05,HOU,CLE,7,2,1,1,D,5,40.15940947082595,0.07659527570625613,-0.07215017817126501,-0.7080562800778809,0.022978582711876836,0.5324311712552496,-0.3700000000000001,-0.08999999999999997,2.903238426429038,0.13281895240165187,1,0,0
2018,563384,2018-10-05,MIL,COL,4,0,1,1,D,5,15.361473199479178,0.027474892395982775,-0.1543758967001434,-0.5535868005738882,0.008242467718794833,0.5120797325427364,-1.0499999999999998,-0.1100000000000001,-1.0991664045297265,0.2995635419943379,2,1,0
2018,563348,2018-10-05,BOS,NYY,5,4,1,1,D,5,35.6328812350107,0.06654448047370654,0.26508529536162406,-0.21887776681235005,0.01996334414211196,0.5258715194036396,-1.54,-0.2699999999999999,3.723264540337711,-0.6467808202911631,1,0,0
2018,563389,2018-10-06,LAD,ATL,3,0,1,1,D,5,23.203854302904574,0.016487730061349737,0.33512269938650263,-0.28430005577244843,0.004946319018404921,0.5074368730543065,-0.10000000000000009,-0.040000000000000036,-0.243549687562993,-1.1480850634952633,2,1,0
2018,563379,2018-10-06,HOU,CLE,3,1,1,1,D,5,43.30735471510093,0.07659527570625613,-0.07215017817126501,-0.7080562800778809,0.022978582711876836,0.5324311712552496,-0.5,-0.09999999999999987,1.5712094425956735,0.8595829866888516,2,1,0
2018,563374,2018-10-07,BOS,NYY,2,6,0,1,D,5,38.83071103498423,0.06654448047370654,0.26508529536162406,-0.21887776681235005,0.01996334414211196,0.5258715194036396,-0.16999999999999993,0.010000000000000009,-0.12194055944056004,0.5375874125874125,2,1,0
2018,563385,2018-10-07,COL,MIL,0,6,0,1,D,5,-18.785692266854085,-0.027474892395982775,0.1543758967001434,0.5535868005738882,-0.008242467718794833,0.48792026745726363,1.2000000000000002,-0.010000000000000009,4.982712093101704,-0.3950497554393655,3,-2,1
2018,563390,2018-10-08,ATL,LAD,6,5,1,1,D,5,-26.53995669464507,-0.016487730061349737,-0.33512269938650263,0.28430005577244843,-0.004946319018404921,0.4925631269456935,1.2799999999999998,0.3700000000000001,-1.1151432630831142,2.0203646696661144,3,-2,1
2018,563380,2018-10-08,CLE,HOU,3,11,0,1,D,5,-46.420769965978934,-0.07659527570625613,0.07215017817126501,0.7080562800778809,-0.022978582711876836,0.4675688287447504,-0.7200000000000002,-0.15000000000000013,2.5869869706840385,0.4645114006514657,3,-2,1
2018,563391,2018-10-08,ATL,LAD,2,6,0,1,D,5,-22.637337297087242,-0.016487730061349737,-0.33512269938650263,0.28430005577244843,-0.004946319018404921,0.4925631269456935,-0.81,-0.040000000000000036,-0.24145316747672751,0.5628552599060876,4,-1,1
2018,563375,2018-10-08,NYY,BOS,1,16,0,1,D,5,-33.993271211658794,-0.06654448047370654,-0.26508529536162406,0.21887776681235005,-0.01996334414211196,0.4741284805963604,-0.41999999999999993,0.010000000000000009,2.1592428665599392,0.5421414445804686,3,0,0
2018,563376,2018-10-10,NYY,BOS,3,4,0,1,D,5,-38.00486157272462,-0.06654448047370654,-0.26508529536162406,0.21887776681235005,-0.01996334414211196,0.4741284805963604,-0.6300000000000003,0.13000000000000012,-0.701988112318098,0.7421602787456445,4,-1,1
2018,563400,2018-10-13,MIL,LAD,6,5,1,1,L,7,6.859833584441958,0.01985294117647063,-0.32205882352941195,0.1692513368983959,0.0059558823529411884,0.5086705202312138,1.48,0.3999999999999999,-0.8572205306655052,2.592757720748151,1,0,0
2018,563401,2018-10-13,MIL,LAD,3,4,0,1,L,7,10.380222871091291,0.01985294117647063,-0.32205882352941195,0.1692513368983959,0.0059558823529411884,0.5086705202312138,0.5999999999999999,0.19999999999999996,-4.150232542577041,1.3727205808545517,2,1,0
2018,563393,2018-10-14,BOS,HOU,2,7,0,1,L,7,19.67845087542014,0.04755806306462229,0.5627704129313633,0.6351458931847289,0.014267418919386687,0.5182208784213876,-0.41000000000000014,-0.040000000000000036,1.3037383177570092,0.3806340944043536,1,0,0
2018,563394,2018-10-14,BOS,HOU,7,5,1,1,L,7,15.054088109101713,0.04755806306462229,0.5627704129313633,0.6351458931847289,0.014267418919386687,0.5182208784213876,0.7000000000000002,0.10999999999999988,-3.34819807895931,-0.3183898048706699,2,-1,0
2018,563402,2018-10-15,LAD,MIL,0,4,0,1,L,7,-5.860714701027291,-0.01985294117647063,0.32205882352941195,-0.1692513368983959,-0.0059558823529411884,0.49132947976878605,-0.8799999999999999,-0.19999999999999996,2.6084338361272534,-0.8918517149863945,3,0,0
2018,563395,2018-10-16,HOU,BOS,2,8,0,1,L,7,-18.481773191754428,-0.04755806306462229,-0.5627704129313633,-0.6351458931847289,-0.014267418919386687,0.48177912157861225,-0.06999999999999984,0.18000000000000016,-1.4611761598732285,0.9288669777269127,3,0,0
2018,563403,2018-10-17,LAD,MIL,2,1,1,1,L,7,-10.195408730259032,-0.01985294117647063,0.32205882352941195,-0.1692513368983959,-0.0059558823529411884,0.49132947976878605,-0.5499999999999998,-0.31999999999999984,2.3864057127743985,-1.4291192806135937,4,-1,0
2018,563404,2018-10-17,LAD,MIL,5,2,1,1,L,7,-6.4804979376556275,-0.01985294117647063,0.32205882352941195,-0.1692513368983959,-0.0059558823529411884,0.49132947976878605,0.16000000000000014,-0.16999999999999993,3.0681818181818175,-1.3946280991735533,5,0,0
2018,563396,2018-10-18,HOU,BOS,6,8,0,1,L,7,-22.67180314846678,-0.04755806306462229,-0.5627704129313633,-0.6351458931847289,-0.014267418919386687,0.48177912157861225,-1.1500000000000004,-0.020000000000000018,1.8950530993761614,1.1912620751528302,4,-1,0
2018,563397,2018-10-19,HOU,BOS,1,4,0,1,L,7,-26.81367722171467,-0.04755806306462229,-0.5627704129313633,-0.6351458931847289,-0.014267418919386687,0.48177912157861225,-1.06,-0.23999999999999988,3.1451253186066275,-1.0007434154630415,5,-2,1
2018,563405,2018-10-20,MIL,LAD,7,2,1,1,L,7,2.808105356012902,0.01985294117647063,-0.32205882352941195,0.1692513368983959,0.0059558823529411884,0.5086705202312138,0.5999999999999999,0.19999999999999996,-4.150232542577041,1.3727205808545517,6,-1,1
2018,563406,2018-10-21,MIL,LAD,1,5,0,1,L,7,6.374533544880023,0.01985294117647063,-0.32205882352941195,0.1692513368983959,0.0059558823529411884,0.5086705202312138,0.8799999999999999,0.19999999999999996,-2.6084338361272534,0.8918517149863945,7,0,1
2018,563407,2018-10-24,BOS,LAD,8,4,1,1,W,7,43.74740088683552,0.11380057803468213,0.627890173410405,0.19298476090383598,0.03414017341040464,0.5459317585301837,-0.6200000000000001,-0.18000000000000005,4.853305785123968,0.31894026571817147,1,0,0
2018,563408,2018-10-25,BOS,LAD,4,2,1,1,W,7,46.85600016178091,0.11380057803468213,0.627890173410405,0.19298476090383598,0.03414017341040464,0.5459317585301837,1.61,0.1299999999999999,-0.677608575634892,0.9171420684578577,2,1,0
2018,563409,2018-10-27,LAD,BOS,3,2,1,1,W,7,-49.93065631408376,-0.11380057803468213,-0.627890173410405,-0.19298476090383598,-0.03414017341040464,0.4540682414698162,-1.6600000000000001,-0.21999999999999997,0.9583488379960077,0.16691756029904248,3,-2,0
2018,563410,2018-10-28,LAD,BOS,6,9,0,1,W,7,-45.75886651897986,-0.11380057803468213,-0.627890173410405,-0.19298476090383598,-0.03414017341040464,0.4540682414698162,-0.1599999999999997,-0.1399999999999999,0.04220330443993703,-0.34198628101949335,4,-1,0
2018,563411,2018-10-29,LAD,BOS,1,5,0,1,W,7,-49.63504006820426,-0.11380057803468213,-0.627890173410405,-0.19298476090383598,-0.03414017341040464,0.4540682414698162,-0.8500000000000001,-0.09999999999999987,-0.4044421487603316,-0.9390495867768593,5,-2,1
2019,599336,2019-10-02,WSH,MIL,4,3,1,1,F,3,35.533865798312036,0.05002858776443686,0.5880145797598635,-0.36531589479702653,0.015008576329331058,0.5221015407931296,-0.7000000000000002,-0.10999999999999988,2.1124400519329107,-0.49577382687263194,1,0,0
2019,599335,2019-10-03,OAK,TB,1,5,0,1,F,3,10.354090028795099,0.013360260991144957,0.47984309460929087,0.14948733882243292,0.004008078297343487,0.5056415638939911,-1.8399999999999999,-0.30000000000000004,-1.9947668154532874,-0.5116784669847623,1,0,0
2019,599352,2019-10-03,ATL,STL,6,7,0,1,D,5,16.413196226502805,0.046772309040455706,0.5973053892215567,0.47692420037972827,0.01403169271213671,0.5201510146295423,-0.41000000000000014,0.15000000000000013,0.22575250836120375,1.5501672240802675,1,0,0
2019,599347,2019-10-04,LAD,WSH,6,0,1,1,D,5,0.9398580027836942,0.0532626882320133,-0.010980200780814187,-0.6033533184606807,0.01597880646960399,0.521562429442312,0.009999999999999787,-0.1399999999999999,0.00847104820171296,-1.292486469853567,1,0,0
2019,599337,2019-10-04,HOU,TB,6,2,1,1,D,5,31.677133374332925,0.07372505543237251,0.8173503325942351,-0.08411862527716218,0.022117516629711752,0.5296213808463252,0.8,-0.08999999999999997,0.832898043660375,-0.38185581234908605,1,0,0
2019,599353,2019-10-04,ATL,STL,3,0,1,1,D,5,11.825562974770946,0.046772309040455706,0.5973053892215567,0.47692420037972827,0.01403169271213671,0.5201510146295423,1.79,0.28,-2.5122110487135956,0.3249314352879722,2,-1,0
2019,599342,2019-10-04,NYY,MIN,10,4,1,1,D,5,16.617811396491334,0.025793650793650702,0.020282186948853642,-0.2773368606701938,0.007738095238095211,0.5103338632750397,0.13999999999999968,0.06000000000000005,2.350220134583953,0.994216865695817,1,0,0
2019,599348,2019-10-05,LAD,WSH,2,4,0,1,D,5,4.527554665795378,0.0532626882320133,-0.010980200780814187,-0.6033533184606807,0.01597880646960399,0.521562429442312,-0.29000000000000004,0.0,-1.2702946831820423,-0.34232437508384406,2,1,0
2019,599343,2019-10-05,NYY,MIN,8,2,1,1,D,5,20.027873466477786,0.025793650793650702,0.020282186948853642,-0.2773368606701938,0.007738095238095211,0.5103338632750397,2.8600000000000003,0.1100000000000001,0.06224951519069055,0.3897866839043309,2,1,0
2019,599338,2019-10-06,HOU,TB,3,1,1,1,D,5,34.91877195351094,0.07372505543237251,0.8173503325942351,-0.08411862527716218,0.022117516629711752,0.5296213808463252,-1.79,-0.38,1.4534104080165502,-1.3299490896286623,2,1,0
2019,599354,2019-10-06,STL,ATL,1,3,0,1,D,5,-15.28970432602091,-0.046772309040455706,-0.5973053892215567,-0.47692420037972827,-0.01403169271213671,0.4798489853704577,1.5100000000000002,0.31999999999999984,0.7045653301711994,1.2427443859779146,3,0,0
2019,599349,2019-10-06,WSH,LAD,4,10,0,1,D,5,-0.07443019382571947,-0.0532626882320133,0.010980200780814187,0.6033533184606807,-0.01597880646960399,0.478437570557688,1.5300000000000002,0.26,-0.7659616568463647,1.9620965614281944,3,0,0
2019,599339,2019-10-07,TB,HOU,10,3,1,1,D,5,-38.12449583703369,-0.07372505543237251,-0.8173503325942351,0.08411862527716218,-0.022117516629711752,0.47037861915367485,0.11999999999999966,0.10000000000000009,3.0303952032911727,1.341344260142676,3,-2,1
2019,599355,2019-10-07,STL,ATL,5,4,1,1,D,5,-19.516384362134886,-0.046772309040455706,-0.5973053892215567,-0.47692420037972827,-0.01403169271213671,0.4798489853704577,-0.3999999999999999,0.039999999999999813,-0.2615971814445093,1.3159130945390491,4,-1,1
2019,599350,2019-10-07,WSH,LAD,6,1,1,1,D,5,-4.475176729908071,-0.0532626882320133,0.010980200780814187,0.6033533184606807,-0.01597880646960399,0.478437570557688,0.46999999999999975,-0.09999999999999987,1.6450676982591848,-1.0379593810444878,4,-1,1
2019,599344,2019-10-08,MIN,NYY,1,5,0,1,D,5,-23.39958645585716,-0.025793650793650702,-0.020282186948853642,0.2773368606701938,-0.007738095238095211,0.4896661367249603,2.01,0.20999999999999996,-2.6745283018867916,-1.5,3,-2,1
2019,599340,2019-10-08,TB,HOU,4,1,1,1,D,5,-34.08852471905561,-0.07372505543237251,-0.8173503325942351,0.08411862527716218,-0.022117516629711752,0.47037861915367485,0.8300000000000001,0.43999999999999995,-1.4911184640167185,1.712699725717271,4,-1,1
2019,599356,2019-10-09,ATL,STL,1,13,0,1,D,5,15.694528154728232,0.046772309040455706,0.5973053892215567,0.47692420037972827,0.01403169271213671,0.5201510146295423,1.79,0.28,-2.5122110487135956,0.3249314352879722,5,0,1
2019,599351,2019-10-10,LAD,WSH,3,7,0,1,D,5,0.8257053056945551,0.0532626882320133,-0.010980200780814187,-0.6033533184606807,0.01597880646960399,0.521562429442312,-0.06000000000000005,0.0,-0.19618099595007088,-0.5851578422539649,5,0,1
2019,599341,2019-10-10,HOU,TB,6,1,1,1,D,5,30.09901844195406,0.07372505543237251,0.8173503325942351,-0.08411862527716218,0.022117516629711752,0.5296213808463252,0.72,0.0,2.5431711145996854,-0.04238618524332827,5,0,1
2019,599364,2019-10-12,STL,WSH,0,2,0,1,L,7,-33.057586494157476,-0.03402286336418081,-0.6711690255851934,-0.28609825802939604,-0.010206859009254244,0.48517903723025846,0.31000000000000005,-0.050000000000000044,-0.22158198009428975,-1.5793609219486642,1,0,0
2019,599365,2019-10-12,STL,WSH,1,3,0,1,L,7,-37.079949123083225,-0.03402286336418081,-0.6711690255851934,-0.28609825802939604,-0.010206859009254244,0.48517903723025846,1.2700000000000005,0.3999999999999999,-4.6691630204127605,1.631935550506094,2,-1,0
2019,599357,2019-10-13,HOU,NYY,0,7,0,1,L,7,9.257939980578385,0.022186147186147198,-0.20616883116883145,-0.5051406926406927,0.006655844155844159,0.5085594989561586,-1.52,-0.26,0.6973633395358645,-0.6840922655619142,1,0,0
2019,599358,2019-10-14,HOU,NYY,3,2,1,1,L,7,4.751139909017411,0.022186147186147198,-0.20616883116883145,-0.5051406926406927,0.006655844155844159,0.5085594989561586,-1.2399999999999998,-0.48,0.9970038493591016,-1.5903309655145046,2,-1,0
2019,599366,2019-10-14,WSH,STL,8,1,1,1,L,7,41.056003109925314,0.03402286336418081,0.6711690255851934,0.28609825802939604,0.010206859009254244,0.5148209627697415,0.5699999999999998,0.07000000000000006,0.21947831455471523,-0.10973915727735717,3,2,0
2019,599359,2019-10-15,NYY,HOU,1,4,0,1,L,7,-8.295474535075073,-0.022186147186147198,0.20616883116883145,0.5051406926406927,-0.006655844155844159,0.4914405010438413,-1.0,0.10999999999999999,-1.067896389324961,2.465463108320251,3,0,0
2019,599367,2019-10-16,WSH,STL,7,4,1,1,L,7,44.19409975201552,0.03402286336418081,0.6711690255851934,0.28609825802939604,0.010206859009254244,0.5148209627697415,-0.10000000000000009,-0.22999999999999998,3.5963268082533437,-1.3124858287355456,4,3,1
2019,599360,2019-10-18,NYY,HOU,3,8,0,1,L,7,-12.602317734566213,-0.022186147186147198,0.20616883116883145,0.5051406926406927,-0.006655844155844159,0.4914405010438413,1.52,0.26,-0.6973633395358645,0.6840922655619142,4,-1,0
2019,599361,2019-10-18,NYY,HOU,4,1,1,1,L,7,-16.859823962671953,-0.022186147186147198,0.20616883116883145,0.5051406926406927,-0.006655844155844159,0.4914405010438413,1.2399999999999998,0.48,-0.9970038493591016,1.5903309655145046,5,-2,1
2019,599362,2019-10-20,HOU,NYY,6,4,1,1,L,7,13.068480888435943,0.022186147186147198,-0.20616883116883145,-0.5051406926406927,0.006655844155844159,0.5085594989561586,-0.04999999999999982,-0.040000000000000036,-3.357154150197628,0.5653754940711462,6,1,1
2019,599371,2019-10-23,HOU,WSH,4,5,0,1,W,7,6.746658961612184,0.06818181818181812,0.25568181818181746,-0.37500000000000044,0.020454545454545437,0.5272727272727272,-0.41999999999999993,-0.14,1.1273741456112294,0.31113263636059996,1,0,0
2019,599372,2019-10-24,HOU,WSH,3,12,0,1,W,7,2.2683325370132934,0.06818181818181812,0.25568181818181746,-0.37500000000000044,0.020454545454545437,0.5272727272727272,-0.7399999999999998,-0.24,1.299010878194263,-0.7164159890145259,2,-1,0
2019,599373,2019-10-26,WSH,HOU,1,4,0,1,W,7,2.1590968932271153,-0.06818181818181812,-0.25568181818181746,0.37500000000000044,-0.020454545454545437,0.4727272727272728,0.9199999999999999,0.29000000000000004,-0.800434966703877,1.8506486007929481,3,2,0
2019,599374,2019-10-27,WSH,HOU,1,8,0,1,W,7,-2.2670892336066117,-0.06818181818181812,-0.25568181818181746,0.37500000000000044,-0.020454545454545437,0.4727272727272728,-0.7000000000000002,0.07999999999999985,1.8234725911615541,1.5822265153344603,4,1,0
2019,599375,2019-10-28,WSH,HOU,1,7,0,1,W,7,-6.642829753231808,-0.06818181818181812,-0.25568181818181746,0.37500000000000044,-0.020454545454545437,0.4727272727272728,2.9800000000000004,0.7799999999999999,-5.802271389324961,2.606088108320251,5,0,0
2019,599376,2019-10-30,HOU,WSH,2,7,0,1,W,7,10.968580723105106,0.06818181818181812,0.25568181818181746,-0.37500000000000044,0.020454545454545437,0.5272727272727272,-0.7399999999999998,-0.24,1.299010878194263,-0.7164159890145259,6,1,1
2019,599377,2019-10-31,HOU,WSH,2,6,0,1,W,7,6.442414563074863,0.06818181818181812,0.25568181818181746,-0.37500000000000044,0.020454545454545437,0.5272727272727272,0.010000000000000231,-0.050000000000000044,-4.625027036045999,-0.42947454285908493,7,0,1
2021,660938,2021-10-06,BOS,NYY,6,2,1,1,F,3,-3.027056191165002,0.002056810525196018,0.7644951948650665,0.5236355899145364,0.0006170431575588054,0.500909375979931,0.52,0.1299999999999999,-2.4354332455102696,-0.30732135175825337,1,0,0
2021,660937,2021-10-07,LAD,STL,3,1,1,1,F,3,41.122198420019686,0.09153092165573651,0.7085536986108174,-0.6928284324095619,0.02745927649672095,0.5382710225262413,-0.5899999999999999,-0.20000000000000007,4.254205427869629,-0.3742455453393472,1,0,0
2021,660936,2021-10-07,HOU,CWS,6,1,1,1,D,5,16.545840759381463,0.021305561227962677,0.4636171805867537,0.061023756041113764,0.006391668368388803,0.5092324936581912,0.4700000000000002,0.1499999999999999,0.16750153677134172,1.6339345270013994,1,0,0
2021,660929,2021-10-08,TB,BOS,5,0,1,1,D,5,16.72763112520329,0.041959746500452644,0.14440420642105956,-0.5864266313810154,0.012587923950135792,0.5178566136154826,-1.31,-0.11999999999999988,-0.27106451059939474,0.01712473572938711,1,0,0
2021,660934,2021-10-08,HOU,CWS,9,4,1,1,D,5,19.956713423427118,0.021305561227962677,0.4636171805867537,0.061023756041113764,0.006391668368388803,0.5092324936581912,-0.3899999999999997,0.1499999999999999,-1.7710396039603946,1.2568346386877494,2,1,0
2021,660917,2021-10-08,MIL,ATL,2,1,1,1,D,5,-7.459384566478548,0.0214950711938664,-0.3362541073384451,-0.20310788608981367,0.00644852135815992,0.5094680979375227,-0.9099999999999997,-0.10000000000000009,2.1404014233651196,-0.9791547963319323,1,0,0
2021,660932,2021-10-08,TB,BOS,6,14,0,1,D,5,20.136456408183903,0.041959746500452644,0.14440420642105956,-0.5864266313810154,0.012587923950135792,0.5178566136154826,-1.1300000000000003,-0.66,1.1812499999999986,-0.5062500000000001,2,1,0
2021,660933,2021-10-09,SF,LAD,4,0,1,1,D,5,-2.7517405445287295,0.00901644985890293,-0.17172551448826567,0.21639479661366945,0.002704934957670879,0.5034775683567826,0.5599999999999996,0.14000000000000012,0.39871589085072046,-0.06934189406099556,1,0,0
2021,660907,2021-10-09,MIL,ATL,0,3,0,1,D,5,-3.775795179117722,0.0214950711938664,-0.3362541073384451,-0.20310788608981367,0.00644852135815992,0.5094680979375227,-0.48,-0.13000000000000012,2.005718324818801,-0.06937162005490238,2,1,0
2021,660925,2021-10-10,SF,LAD,2,9,0,1,D,5,0.8780501767719215,0.00901644985890293,-0.17172551448826567,0.21639479661366945,0.002704934957670879,0.5034775683567826,-0.1499999999999999,0.020000000000000018,1.1882013016157984,0.5017392280071813,2,1,0
2021,660928,2021-10-10,BOS,TB,6,4,1,1,D,5,-15.506950192205068,-0.041959746500452644,-0.14440420642105956,0.5864266313810154,-0.012587923950135792,0.48214338638451737,0.9100000000000001,0.10999999999999988,0.9804916770903489,-1.2329211969594922,3,0,0
2021,660931,2021-10-11,CWS,HOU,12,6,1,1,D,5,-23.329225486364976,-0.021305561227962677,-0.4636171805867537,-0.061023756041113764,-0.006391668368388803,0.49076750634180877,0.43000000000000016,0.07000000000000006,2.6017003307398046,0.7971692817851319,3,-2,1
2021,660905,2021-10-11,ATL,MIL,3,0,1,1,D,5,8.134312428648172,-0.0214950711938664,0.3362541073384451,0.20310788608981367,-0.00644852135815992,0.4905319020624774,0.77,0.26,-3.4632494526258952,0.22496625776071522,3,0,0
2021,660927,2021-10-11,BOS,TB,6,5,1,1,D,5,-11.73113703720469,-0.041959746500452644,-0.14440420642105956,0.5864266313810154,-0.012587923950135792,0.48214338638451737,3.1900000000000004,0.44999999999999996,0.15400369978858386,0.9953752642706131,4,1,1
2021,660919,2021-10-12,LAD,SF,0,1,0,1,D,5,3.5335491187865955,-0.00901644985890293,0.17172551448826567,-0.21639479661366945,-0.002704934957670879,0.4965224316432174,-1.37,-0.31999999999999995,1.9784815556190996,-0.7245585501858738,3,0,0
2021,660926,2021-10-12,CWS,HOU,1,10,0,1,D,5,-19.463539728627893,-0.021305561227962677,-0.4636171805867537,-0.061023756041113764,-0.006391668368388803,0.49076750634180877,-0.79,-0.26,2.2935777449877737,-1.771341306119922,4,-1,1
2021,660914,2021-10-12,ATL,MIL,5,4,1,1,D,5,11.640246106570885,-0.0214950711938664,0.3362541073384451,0.20310788608981367,-0.00644852135815992,0.4905319020624774,0.1499999999999999,-0.09999999999999987,1.5967815141306758,-0.29806043612450317,4,1,1
2021,660918,2021-10-13,LAD,SF,7,2,1,1,D,5,-0.9082746650233275,-0.00901644985890293,0.17172551448826567,-0.21639479661366945,-0.002704934957670879,0.4965224316432174,-0.6999999999999997,-0.1200000000000001,1.028755237435739,-0.000861604051453746,4,-1,1
2021,660920,2021-10-15,SF,LAD,1,2,0,1,D,5,-2.700484696996682,0.00901644985890293,-0.17172551448826567,0.21639479661366945,0.002704934957670879,0.5034775683567826,0.5799999999999996,0.14000000000000012,-0.9329636655479359,-0.9715744929228078,5,0,1
2021,660896,2021-10-16,HOU,BOS,5,4,1,1,L,7,8.843058348960085,0.02109663302962017,0.22850331471865637,-0.5856438391953231,0.006328989908886051,0.5091403022242345,-0.020000000000000018,-0.09000000000000008,-2.6147896039603946,1.3449876237623766,1,0,0
2021,660913,2021-10-16,HOU,BOS,5,9,0,1,L,7,12.340958810965049,0.02109663302962017,0.22850331471865637,-0.5856438391953231,0.006328989908886051,0.5091403022242345,-0.27,-0.010000000000000009,0.05073714604043822,1.1693905893245244,2,1,0
2021,660924,2021-10-17,ATL,LAD,3,2,1,1,L,7,-31.28428854097615,-0.08685997910135845,-0.22779519331243492,0.5801332288401255,-0.026057993730407535,0.4638233054074638,0.5899999999999999,0.1200000000000001,-1.9359795134443019,-0.9284799707334916,1,0,0
2021,660922,2021-10-17,ATL,LAD,5,4,1,1,L,7,-27.32706561917371,-0.08685997910135845,-0.22779519331243492,0.5801332288401255,-0.026057993730407535,0.4638233054074638,1.12,0.37,-3.1477622748998204,1.9101916670689905,2,1,0
2021,660898,2021-10-19,BOS,HOU,12,3,1,1,L,7,-7.799274100015509,-0.02109663302962017,-0.22850331471865637,0.5856438391953231,-0.006328989908886051,0.49085969777576544,1.12,0.3999999999999999,2.9901602418446585,1.0847444231491177,3,0,0
2021,660916,2021-10-19,LAD,ATL,6,5,1,1,L,7,23.415389182082663,0.08685997910135845,0.22779519331243492,-0.5801332288401255,0.026057993730407535,0.5361766945925361,-0.8699999999999997,-0.07000000000000006,-1.282576056666791,-0.557878568690906,3,-2,0
2021,660923,2021-10-20,BOS,HOU,2,9,0,1,L,7,-4.111795775394285,-0.02109663302962017,-0.22850331471865637,0.5856438391953231,-0.006328989908886051,0.49085969777576544,0.3700000000000001,0.13000000000000012,3.8455008488964353,1.879456706281834,4,1,0
2021,660900,2021-10-20,BOS,HOU,1,9,0,1,L,7,-8.466475419713106,-0.02109663302962017,-0.22850331471865637,0.5856438391953231,-0.006328989908886051,0.49085969777576544,0.020000000000000018,0.09000000000000008,2.6147896039603946,-1.3449876237623766,5,0,0
2021,660904,2021-10-21,LAD,ATL,2,9,0,1,L,7,26.749123516899317,0.08685997910135845,0.22779519331243492,-0.5801332288401255,0.026057993730407535,0.5361766945925361,0.8199999999999998,0.010000000000000009,-0.1713386778534236,-1.0985832874131223,4,-1,0
2021,660903,2021-10-22,LAD,ATL,11,2,1,1,L,7,22.045602361332158,0.08685997910135845,0.22779519331243492,-0.5801332288401255,0.026057993730407535,0.5361766945925361,-0.18000000000000016,-0.1100000000000001,1.6437717212365097,0.8408176330711541,5,-2,1
2021,660899,2021-10-23,HOU,BOS,5,0,1,1,L,7,12.771361410055079,0.02109663302962017,0.22850331471865637,-0.5856438391953231,0.006328989908886051,0.5091403022242345,-0.27,-0.010000000000000009,0.05073714604043822,1.1693905893245244,6,1,1
2021,660921,2021-10-24,ATL,LAD,4,2,1,1,L,7,-25.394679409997707,-0.08685997910135845,-0.22779519331243492,0.5801332288401255,-0.026057993730407535,0.4638233054074638,1.1099999999999999,0.26,-0.49169706697796656,1.463271559900773,6,1,1
2021,660897,2021-10-27,HOU,ATL,2,6,0,1,W,7,0.8389455396084031,0.03075243965074481,0.5490498202362604,0.050686954288649666,0.009225731895223443,0.5134361851332399,-0.19999999999999973,0.20999999999999996,-2.116416623709048,1.064747498089127,1,0,0
2021,660908,2021-10-28,HOU,ATL,7,2,1,1,W,7,-3.5722083089988246,0.03075243965074481,0.5490498202362604,0.050686954288649666,0.009225731895223443,0.5134361851332399,0.5800000000000001,-0.10000000000000009,-1.0134075480922915,-0.6292333439891689,2,-1,0
2021,660910,2021-10-30,ATL,HOU,2,0,1,1,W,7,-0.06694951274243977,-0.03075243965074481,-0.5490498202362604,-0.050686954288649666,-0.009225731895223443,0.48656381486676015,0.10000000000000009,0.050000000000000044,-0.979861769132155,0.8198874087286105,3,0,0
2021,660902,2021-10-31,ATL,HOU,3,2,1,1,W,7,3.5322186912983398,-0.03075243965074481,-0.5490498202362604,-0.050686954288649666,-0.009225731895223443,0.48656381486676015,4.84,0.33000000000000007,7.184210526315789,-1.894736842105263,4,1,0
2021,660911,2021-11-01,ATL,HOU,5,9,0,1,W,7,7.090410037730862,-0.03075243965074481,-0.5490498202362604,-0.050686954288649666,-0.009225731895223443,0.48656381486676015,0.45999999999999996,-0.10000000000000009,-0.25396039603960574,-0.2762376237623765,5,2,1
2021,660906,2021-11-03,HOU,ATL,0,7,0,1,W,7,-2.608183087824955,0.03075243965074481,0.5490498202362604,0.050686954288649666,0.009225731895223443,0.5134361851332399,0.43999999999999995,0.08999999999999986,1.092464659199834,0.6696315230438419,6,-1,1
2022,715770,2022-10-07,CLE,TB,2,1,1,1,F,3,26.31805473754639,0.04365709337566748,0.16369606003752324,0.11354452301919471,0.013097128012700243,0.5199815047229012,0.33999999999999986,0.10999999999999999,-1.5869939879759514,-0.43611222444889775,1,0,0
2022,715764,2022-10-07,STL,PHI,3,6,0,1,F,3,-6.657022865536646,0.012787456445992995,0.08560975609756127,-0.23850174216027886,0.003836236933797898,0.505701768014169,0.11000000000000032,0.16999999999999993,-2.145579358503964,0.5533199195171026,1,0,0
2022,715767,2022-10-07,TOR,SEA,0,4,0,1,F,3,4.658526064924445,0.010077406163283231,0.5110267270337374,0.3633343069957644,0.003023221848984969,0.5045317220543807,-0.75,-0.09000000000000008,-1.760494569506557,-0.36011499868465524,1,0,0
2022,715761,2022-10-08,NYM,SD,1,7,0,1,F,3,23.845964565495706,0.07220480668756524,0.38819226750261215,-0.28202716823406515,0.02166144200626957,0.5310115788528857,-0.81,-0.039999999999999925,1.6054260399648097,-0.22437790624607268,1,0,0
2022,715769,2022-10-08,CLE,TB,1,0,1,1,F,3,29.61934397136838,0.04365709337566748,0.16369606003752324,0.11354452301919471,0.013097128012700243,0.5199815047229012,1.6099999999999999,0.04999999999999993,-4.562717770034844,-0.6303135888501741,2,1,1
2022,715766,2022-10-08,TOR,SEA,9,10,0,1,F,3,0.2039131424635343,0.010077406163283231,0.5110267270337374,0.3633343069957644,0.003023221848984969,0.5045317220543807,-0.3599999999999999,0.050000000000000044,0.4677390039985472,-1.509632860777899,2,-1,1
2022,715760,2022-10-08,NYM,SD,7,3,1,1,F,3,19.174880249078342,0.07220480668756524,0.38819226750261215,-0.28202716823406515,0.02166144200626957,0.5310115788528857,-0.2999999999999998,-0.44999999999999996,2.2459925518134725,-2.4667665155440415,2,-1,1
2022,715763,2022-10-09,STL,PHI,0,2,0,1,F,3,-10.982611514340306,0.012787456445992995,0.08560975609756127,-0.23850174216027886,0.003836236933797898,0.505701768014169,0.040000000000000036,0.07000000000000006,-3.511471852774541,0.4615903885562742,2,-1,1
2022,715759,2022-10-09,NYM,SD,0,6,0,1,F,3,22.55617507605666,0.07220480668756524,0.38819226750261215,-0.28202716823406515,0.02166144200626957,0.5310115788528857,0.48999999999999977,0.05999999999999983,-0.875776775305388,0.33912514572456764,3,0,1
2022,715743,2022-10-11,ATL,PHI,6,7,0,1,D,5,17.258185572006596,0.060172117039586914,0.19132530120481928,-0.35817555938037904,0.018051635111876074,0.5257422243166823,-1.17,-0.32000000000000006,0.7811467564146106,-1.8065581869268532,1,0,0
2022,715758,2022-10-11,HOU,SEA,8,7,1,1,D,5,47.72721231665696,0.11576846307385225,0.28024652449486975,-0.6809888993941944,0.03473053892215567,0.5475409836065573,-1.4500000000000002,-0.35,1.0798153372659645,-0.8837958450884844,1,0,0
2022,715753,2022-10-11,NYY,CLE,4,1,1,1,D,5,-4.739217306527507,0.028443890792068882,0.6581196581196584,-0.372815668362227,0.008533167237620664,0.5122125155999288,0.1200000000000001,-0.18999999999999995,5.344109378993101,-0.027600306670074293,1,0,0
2022,715748,2022-10-12,LAD,SD,5,3,1,1,D,5,47.95198846495623,0.12872178368646991,0.8356183354106079,-0.8710012463647696,0.03861653510594097,0.5527256225537467,-2.17,-0.24,1.3738775510204082,-0.6465306122448982,1,0,0
2022,715742,2022-10-12,ATL,PHI,3,0,1,1,D,5,12.661037395954509,0.060172117039586914,0.19132530120481928,-0.35817555938037904,0.018051635111876074,0.5257422243166823,0.3700000000000001,0.11999999999999988,-0.904316624986409,0.6451016635859519,2,-1,0
2022,715747,2022-10-13,LAD,SD,3,5,0,1,D,5,51.01471060476888,0.12872178368646991,0.8356183354106079,-0.8710012463647696,0.03861653510594097,0.5527256225537467,-0.8200000000000003,-0.010000000000000009,0.6520177467741348,-0.07209401091553103,2,1,0
2022,715757,2022-10-13,HOU,SEA,4,2,1,1,D,5,50.792380571542026,0.11576846307385225,0.28024652449486975,-0.6809888993941944,0.03473053892215567,0.5475409836065573,-0.17000000000000037,0.07999999999999985,-1.325597274636202,0.30101980881338,2,1,0
2022,715752,2022-10-14,NYY,CLE,2,4,0,1,D,5,-1.0867291469364773,0.028443890792068882,0.6581196581196584,-0.372815668362227,0.008533167237620664,0.5122125155999288,-0.43999999999999995,-0.12,0.3552631578947363,0.5399999999999996,2,1,0
2022,715741,2022-10-14,PHI,ATL,9,1,1,1,D,5,-16.115735675967017,-0.060172117039586914,-0.19132530120481928,0.35817555938037904,-0.018051635111876074,0.47425777568331756,0.5800000000000001,-0.030000000000000027,-3.490521765977155,-1.802778635381291,3,0,0
2022,715746,2022-10-15,SD,LAD,2,1,1,1,D,5,-46.044177426557326,-0.12872178368646991,-0.8356183354106079,0.8710012463647696,-0.03861653510594097,0.4472743774462534,1.2399999999999998,0.32999999999999996,3.806046195652174,1.1690577046035808,3,0,0
2022,715740,2022-10-15,PHI,ATL,8,3,1,1,D,5,-12.332934956594954,-0.060172117039586914,-0.19132530120481928,0.35817555938037904,-0.018051635111876074,0.47425777568331756,-0.3999999999999999,0.020000000000000018,-4.3777342850564125,-1.2247294496891548,4,1,1
2022,715756,2022-10-15,SEA,HOU,0,1,0,1,D,5,-53.82425674612773,-0.11576846307385225,-0.28024652449486975,0.6809888993941944,-0.03473053892215567,0.45245901639344266,1.12,-0.030000000000000027,-0.23286713286713479,-2.630769230769231,3,-2,1
2022,715751,2022-10-15,CLE,NYY,6,5,1,1,D,5,5.4759348050758945,-0.028443890792068882,-0.6581196581196584,0.372815668362227,-0.008533167237620664,0.48778748440007136,-0.2200000000000002,-0.050000000000000044,-0.945070711211315,-0.577372412379586,3,0,0
2022,715745,2022-10-16,SD,LAD,5,3,1,1,D,5,-41.91706944455427,-0.12872178368646991,-0.8356183354106079,0.8710012463647696,-0.03861653510594097,0.4472743774462534,0.3600000000000003,0.08000000000000007,2.1976787334048,0.37571122289106973,4,1,1
2022,715750,2022-10-16,CLE,NYY,2,4,0,1,D,5,9.012035176429208,-0.028443890792068882,-0.6581196581196584,0.372815668362227,-0.008533167237620664,0.48778748440007136,-0.1200000000000001,0.18999999999999995,-5.344109378993101,0.027600306670074293,4,1,1
2022,715749,2022-10-18,NYY,CLE,5,1,1,1,D,5,-4.508020990819887,0.028443890792068882,0.6581196581196584,-0.372815668362227,0.008533167237620664,0.5122125155999288,-2.48,-0.2699999999999999,0.17247965274009758,0.11876288659793799,5,0,1
2022,715731,2022-10-19,SD,PHI,0,2,0,1,L,7,-11.262312501263295,-0.008308702791461342,-0.3009195402298843,-0.11970443349753701,-0.0024926108374384026,0.49622421872668127,0.28000000000000025,-0.09000000000000008,-0.48035858178887914,-0.2893835616438356,1,0,0
2022,715730,2022-10-19,SD,PHI,8,5,1,1,L,7,-15.535178283627374,-0.008308702791461342,-0.3009195402298843,-0.11970443349753701,-0.0024926108374384026,0.49622421872668127,0.1299999999999999,0.24,1.7063643292682933,2.3127667682926827,2,-1,0
2022,715738,2022-10-19,HOU,NYY,4,2,1,1,L,7,44.346779565788665,0.07017543859649122,-0.33918128654970836,-0.32163742690058506,0.021052631578947368,0.5277777777777778,-2.16,-0.29999999999999993,1.8507518796992484,-0.13263157894736843,1,0,0
2022,715737,2022-10-20,HOU,NYY,3,2,1,1,L,7,47.448823464498446,0.07017543859649122,-0.33918128654970836,-0.32163742690058506,0.021052631578947368,0.5277777777777778,-0.3600000000000003,0.15999999999999992,-1.2101675107128944,0.34797428905336947,2,1,0
2022,715729,2022-10-21,PHI,SD,4,2,1,1,L,7,11.759041160102697,0.008308702791461342,0.3009195402298843,0.11970443349753701,0.0024926108374384026,0.5037757812733188,0.7199999999999998,0.25,-1.6749223436796061,1.2721172314039784,3,0,0
2022,715736,2022-10-22,NYY,HOU,0,5,0,1,L,7,-50.51702229734951,-0.07017543859649122,0.33918128654970836,0.32163742690058506,-0.021052631578947368,0.4722222222222222,0.96,0.07000000000000006,-0.2178165457443786,-0.9054571458367477,3,-2,0
2022,715728,2022-10-22,PHI,SD,10,6,1,1,L,7,15.223934646787256,0.008308702791461342,0.3009195402298843,0.11970443349753701,0.0024926108374384026,0.5037757812733188,-0.4700000000000002,0.010000000000000009,0.7653061224489797,-0.9336734693877553,4,1,0
2022,715727,2022-10-23,PHI,SD,4,3,1,1,L,7,18.64970446366806,0.008308702791461342,0.3009195402298843,0.11970443349753701,0.0024926108374384026,0.5037757812733188,-0.28000000000000025,0.09000000000000008,0.48035858178887914,0.2893835616438356,5,2,1
2022,715735,2022-10-23,NYY,HOU,5,6,0,1,L,7,-54.33849466087236,-0.07017543859649122,0.33918128654970836,0.32163742690058506,-0.021052631578947368,0.4722222222222222,0.16999999999999993,-0.31999999999999995,-0.17529628266470532,-1.9938461538461545,4,-3,1
2022,715724,2022-10-29,HOU,PHI,5,6,0,1,W,7,42.43081456249979,0.11238095238095236,-0.09029239766081876,-0.9901420217209695,0.033714285714285704,0.546021840873635,-1.5,-0.13,-0.8027874564459925,0.21825783972125423,1,0,0
2022,715723,2022-10-30,HOU,PHI,5,2,1,1,W,7,37.55383093580053,0.11238095238095236,-0.09029239766081876,-0.9901420217209695,0.033714285714285704,0.546021840873635,0.0,0.11999999999999988,-0.9160498636540702,0.9950331125827812,2,-1,0
2022,715722,2022-11-02,PHI,HOU,7,0,1,1,W,7,-40.730458146355204,-0.11238095238095236,0.09029239766081876,0.9901420217209695,-0.033714285714285704,0.4539781591263651,1.38,0.09000000000000008,-1.9663105135208152,-0.793331132386927,3,0,0
2022,715721,2022-11-03,PHI,HOU,0,5,0,1,W,7,-36.664489790701055,-0.11238095238095236,0.09029239766081876,0.9901420217209695,-0.033714285714285704,0.4539781591263651,0.71,0.010000000000000009,-1.427321448102374,-1.8748113310729522,4,1,0
2022,715720,2022-11-04,PHI,HOU,2,3,0,1,W,7,-40.645326790410536,-0.11238095238095236,0.09029239766081876,0.9901420217209695,-0.033714285714285704,0.4539781591263651,2.19,0.42000000000000004,-3.165275813295615,0.5803536067892507,5,0,0
2022,715719,2022-11-06,HOU,PHI,4,1,1,1,W,7,44.58033828307293,0.11238095238095236,-0.09029239766081876,-0.9901420217209695,0.033714285714285704,0.546021840873635,0.0,0.11999999999999988,-0.9160498636540702,0.9950331125827812,6,1,1
2023,748581,2023-10-03,TB,TEX,0,4,0,1,F,3,5.381749355237616,0.030605524938477013,-0.17735953693112894,-0.23694152715677053,0.009181657481543103,0.5130586530213848,0.3299999999999996,-0.10999999999999988,4.231272084805654,0.4852473498233212,1,0,0
2023,748585,2023-10-03,MIN,TOR,3,1,1,1,F,3,-3.676216981462858,-0.006943168876969996,0.2330186253260349,-0.020168252452150703,-0.002082950663090999,0.4967640310926959,0.5,-0.030000000000000027,-0.6740596266369465,-0.4488715519643356,1,0,0
2023,748582,2023-10-03,MIL,AZ,3,6,0,1,F,3,28.240302578450382,0.06441717791411039,-0.0030674846625764474,-0.4877300613496933,0.019325153374233118,0.5302593659942364,-2.3299999999999996,-0.33999999999999986,0.4818201376936315,0.6296256454388987,1,0,0
2023,748577,2023-10-04,PHI,MIA,4,1,1,1,F,3,27.251992785430275,0.050872711792251946,0.7924648786717752,-0.2696892294593445,0.015261813537675584,0.5236493172372848,0.029999999999999805,-0.1299999999999999,-0.5401119402985088,-0.9423973880597019,1,0,0
2023,748580,2023-10-04,TB,TEX,1,7,0,1,F,3,0.9189195255596587,0.030605524938477013,-0.17735953693112894,-0.23694152715677053,0.009181657481543103,0.5130586530213848,-0.1299999999999999,-0.11999999999999988,1.1721388367729837,-1.7217401500938085,2,-1,1
2023,748583,2023-10-04,MIN,TOR,2,0,1,1,F,3,-0.03587142831929668,-0.006943168876969996,0.2330186253260349,-0.020168252452150703,-0.002082950663090999,0.4967640310926959,-0.8599999999999999,-0.040000000000000036,0.21997975089783672,0.22273057232367988,2,1,1
2023,748578,2023-10-04,MIL,AZ,2,5,0,1,F,3,23.520157308259286,0.06441717791411039,-0.0030674846625764474,-0.4877300613496933,0.019325153374233118,0.5302593659942364,0.3899999999999997,0.0,1.9798792756539232,0.9193158953722338,2,-1,1
2023,748575,2023-10-05,PHI,MIA,7,1,1,1,F,3,30.542862656782518,0.050872711792251946,0.7924648786717752,-0.2696892294593445,0.015261813537675584,0.5236493172372848,0.7999999999999998,0.0,0.5939439236217154,0.45656649862198573,2,1,1
2023,748573,2023-10-07,BAL,TEX,2,3,0,1,D,5,7.127132491188149,0.039134628634421964,-0.5081989802948881,-0.1768637177897201,0.011740388590326589,0.5165771655381741,-1.3200000000000003,-0.33999999999999986,-0.2595550229821324,-1.3173322840842019,1,0,0
2023,748568,2023-10-07,HOU,MIN,6,4,1,1,D,5,5.643452737161624,0.022621423819028652,0.3449241867142909,0.2790209055573065,0.006786427145708596,0.5103911980440099,-0.20999999999999996,0.05999999999999983,-1.1203532017204827,0.6865524420143121,1,0,0
2023,748562,2023-10-07,ATL,PHI,0,3,0,1,D,5,16.72930662694057,0.06708463949843257,0.8603970741901774,0.22434691745036517,0.020125391849529772,0.5281036596042724,-0.31999999999999984,-0.32999999999999985,4.980214285714286,-0.6595714285714283,1,0,0
2023,748555,2023-10-08,LAD,AZ,2,11,0,1,D,5,41.578454198744566,0.1073619631901841,1.0398773006134974,-0.11963190184049122,0.03220858895705523,0.5484764542936288,-0.8300000000000001,-0.1299999999999999,-0.10823853516042448,-0.7611323532904266,1,0,0
2023,748569,2023-10-08,BAL,TEX,8,11,0,1,D,5,2.64448890841868,0.039134628634421964,-0.5081989802948881,-0.1768637177897201,0.011740388590326589,0.5165771655381741,1.1499999999999995,0.15000000000000013,1.597665527428604,0.8086080055610263,2,-1,0
2023,748565,2023-10-09,HOU,MIN,2,6,0,1,D,5,9.177650533888027,0.022621423819028652,0.3449241867142909,0.2790209055573065,0.006786427145708596,0.5103911980440099,-0.20999999999999996,-0.020000000000000018,-1.7647610121836923,0.36410496719775054,2,1,0
2023,748563,2023-10-09,ATL,PHI,5,4,1,1,D,5,12.138113041357201,0.06708463949843257,0.8603970741901774,0.22434691745036517,0.020125391849529772,0.5281036596042724,-1.06,0.04999999999999982,-0.6671137339055804,0.2577119098712446,2,-1,0
2023,748556,2023-10-10,LAD,AZ,2,4,0,1,D,5,36.71081703527807,0.1073619631901841,1.0398773006134974,-0.11963190184049122,0.03220858895705523,0.5484764542936288,0.2899999999999996,-0.020000000000000018,-0.814630409804673,0.3020681731137498,2,-1,0
2023,748567,2023-10-10,MIN,HOU,1,9,0,1,D,5,-4.671760016600729,-0.022621423819028652,-0.3449241867142909,-0.2790209055573065,-0.006786427145708596,0.48960880195599027,-1.7699999999999996,-0.1200000000000001,0.11775362318840443,-0.754227053140097,3,0,0
2023,748572,2023-10-11,TEX,BAL,7,1,1,1,D,5,1.7872212355555348,-0.039134628634421964,0.5081989802948881,0.1768637177897201,-0.011740388590326589,0.48342283446182577,-0.4900000000000002,-0.17000000000000015,0.06660231660231553,0.07070463320463283,3,2,1
2023,748564,2023-10-11,PHI,ATL,10,2,1,1,D,5,-15.59872103193652,-0.06708463949843257,-0.8603970741901774,-0.22434691745036517,-0.020125391849529772,0.47189634039572753,0.6499999999999999,-0.13000000000000012,2.7918434917423234,-1.1549611751258033,3,0,0
2023,748566,2023-10-11,MIN,HOU,2,3,0,1,D,5,-9.020042612911766,-0.022621423819028652,-0.3449241867142909,-0.2790209055573065,-0.006786427145708596,0.48960880195599027,-0.7800000000000002,-0.26,4.538438880706922,-1.6786450662739323,4,-1,1
2023,748557,2023-10-12,AZ,LAD,4,2,1,1,D,5,-31.896743189980498,-0.1073619631901841,-1.0398773006134974,0.11963190184049122,-0.03220858895705523,0.45152354570637115,-0.010000000000000675,0.020000000000000018,-0.5468466424682408,-0.8456215970961889,3,2,1
2023,748561,2023-10-13,PHI,ATL,3,1,1,1,D,5,-11.82185462940356,-0.06708463949843257,-0.8603970741901774,-0.22434691745036517,-0.020125391849529772,0.47189634039572753,0.31999999999999984,0.32999999999999985,-4.980214285714286,0.6595714285714283,4,1,1
2023,748553,2023-10-16,HOU,TEX,0,2,0,1,L,7,-18.241877064402843,-0.015065913370998052,-0.3356130439092082,-0.0333035979779952,-0.004519774011299415,0.49331103678929766,0.020000000000000018,-0.06000000000000005,0.0648449800828601,0.20511387959744853,1,0,0
2023,748548,2023-10-16,HOU,TEX,4,5,0,1,L,7,-22.43466260300397,-0.015065913370998052,-0.3356130439092082,-0.0333035979779952,-0.004519774011299415,0.49331103678929766,-0.17999999999999972,-0.010000000000000009,0.8409090909090917,-0.34659090909090917,2,-1,0
2023,748543,2023-10-17,PHI,AZ,5,3,1,1,L,7,29.683414512800255,0.06321839080459768,0.38505747126436773,-0.2758620689655169,0.018965517241379303,0.5297297297297298,0.13999999999999968,-0.040000000000000036,0.5089285714285712,-0.18616071428571423,1,0,0
2023,748546,2023-10-18,PHI,AZ,10,0,1,1,L,7,32.947205432484,0.06321839080459768,0.38505747126436773,-0.2758620689655169,0.018965517241379303,0.5297297297297298,1.17,-0.040000000000000036,-0.08553215811517312,-1.4040875374992332,2,1,0
2023,748552,2023-10-19,TEX,HOU,5,8,0,1,L,7,26.579263356631827,0.015065913370998052,0.3356130439092082,0.0333035979779952,0.004519774011299415,0.5066889632107023,-0.7899999999999996,-0.1499999999999999,1.4243085880640471,-0.7916060164968464,3,2,0
2023,748545,2023-10-19,AZ,PHI,2,1,1,1,L,7,-36.174757181799805,-0.06321839080459768,-0.38505747126436773,0.2758620689655169,-0.018965517241379303,0.47027027027027035,1.54,-0.010000000000000009,0.24450000000000038,-1.0185,3,-2,0
2023,748551,2023-10-20,TEX,HOU,3,10,0,1,L,7,21.877637457349238,0.015065913370998052,0.3356130439092082,0.0333035979779952,0.004519774011299415,0.5066889632107023,-1.1399999999999997,-0.050000000000000044,2.795410471881059,0.09372979961215222,4,1,0
2023,748550,2023-10-20,TEX,HOU,4,5,0,1,L,7,17.22859721274085,0.015065913370998052,0.3356130439092082,0.0333035979779952,0.004519774011299415,0.5066889632107023,-0.020000000000000018,0.06000000000000005,-0.0648449800828601,-0.20511387959744853,5,0,0
2023,748544,2023-10-21,AZ,PHI,6,5,1,1,L,7,-32.16123234146812,-0.06321839080459768,-0.38505747126436773,0.2758620689655169,-0.018965517241379303,0.47027027027027035,1.1800000000000002,0.07999999999999985,-2.2364481156427463,0.6272586473928756,4,-1,0
2023,748538,2023-10-22,AZ,PHI,1,6,0,1,L,7,-28.19391413466633,-0.06321839080459768,-0.38505747126436773,0.2758620689655169,-0.018965517241379303,0.47027027027027035,-0.13999999999999968,0.040000000000000036,-0.5089285714285712,0.18616071428571423,5,0,0
2023,748549,2023-10-23,HOU,TEX,2,9,0,1,L,7,-12.631782097591213,-0.015065913370998052,-0.3356130439092082,-0.0333035979779952,-0.004519774011299415,0.49331103678929766,-0.17999999999999972,-0.010000000000000009,0.8409090909090917,-0.34659090909090917,6,1,1
2023,748539,2023-10-23,PHI,AZ,1,5,0,1,L,7,32.27226207224089,0.06321839080459768,0.38505747126436773,-0.2758620689655169,0.018965517241379303,0.5297297297297298,1.17,-0.040000000000000036,-0.08553215811517312,-1.4040875374992332,6,1,1
2023,748547,2023-10-24,HOU,TEX,4,11,0,1,L,7,-16.88895050868564,-0.015065913370998052,-0.3356130439092082,-0.0333035979779952,-0.004519774011299415,0.49331103678929766,0.7899999999999996,0.1499999999999999,-1.4243085880640471,0.7916060164968464,7,0,1
2023,748537,2023-10-25,PHI,AZ,2,4,0,1,L,7,27.507297409912326,0.06321839080459768,0.38505747126436773,-0.2758620689655169,0.018965517241379303,0.5297297297297298,-1.54,0.010000000000000009,-0.24450000000000038,1.0185,7,0,1
2023,748542,2023-10-28,TEX,AZ,6,5,1,1,W,7,30.951265153834584,0.07062146892655363,0.9350282485875709,-0.11581920903954845,0.02118644067796609,0.5329815303430079,0.1599999999999997,0.019999999999999796,-1.1785714285714288,0.9232142857142858,1,0,0
2023,748541,2023-10-29,TEX,AZ,1,9,0,1,W,7,34.200963396982615,0.07062146892655363,0.9350282485875709,-0.11581920903954845,0.02118644067796609,0.5329815303430079,-0.08999999999999986,0.0,-1.5540675819913945,-1.2055569183036217,2,1,0
2023,748540,2023-10-31,AZ,TEX,1,3,0,1,W,7,-29.41462875386719,-0.07062146892655363,-0.9350282485875709,0.11581920903954845,-0.02118644067796609,0.4670184696569921,1.9499999999999997,0.2899999999999998,-1.445141921397381,-0.21533842794759828,3,0,0
2023,748535,2023-11-01,AZ,TEX,7,11,0,1,W,7,-33.4789271777729,-0.07062146892655363,-0.9350282485875709,0.11581920903954845,-0.02118644067796609,0.4670184696569921,0.46999999999999975,-0.25,-2.762443438914026,-1.5882352941176467,4,-1,0
2023,748534,2023-11-02,AZ,TEX,0,5,0,1,W,7,-37.496439063919524,-0.07062146892655363,-0.9350282485875709,0.11581920903954845,-0.02118644067796609,0.4670184696569921,-0.1599999999999997,-0.019999999999999796,1.1785714285714288,-0.9232142857142858,5,-2,1
2024,775345,2024-10-01,HOU,DET,1,3,0,1,F,3,6.205492463297105,0.029362733954686693,0.4350988861104792,0.048192771084337505,0.008808820186406007,0.513624696740621,0.52,0.19000000000000006,-2.061791115311909,1.1665583648393194,1,0,0
2024,775343,2024-10-01,BAL,KC,0,1,0,1,F,3,3.6946321196503504,0.01946169772256734,0.26625258799171814,0.35253152644456964,0.005838509316770202,0.5089592070148685,-0.2200000000000002,-0.039999999999999813,-2.388515389831758,-1.0131513944589852,1,0,0
2024,775340,2024-10-01,MIL,NYM,4,8,0,1,F,3,-9.580399782608083,0.0035888601780075247,-0.0129198966408266,-0.3720930232558137,0.0010766580534022573,0.5016023586719652,-0.22999999999999998,-0.030000000000000027,2.4031448398051083,0.5569593554238468,1,0,0
2024,775333,2024-10-02,SD,ATL,4,0,1,1,F,3,24.447402591687478,0.03631444575696374,0.32831612239454344,0.2729870822695575,0.010894333727089122,0.516254477230087,2.95,0.040000000000000036,2.1088144101579793,-0.8889709139229294,1,0,0
2024,775344,2024-10-02,HOU,DET,2,5,0,1,F,3,1.7333084940228218,0.029362733954686693,0.4350988861104792,0.048192771084337505,0.008808820186406007,0.513624696740621,1.3000000000000003,0.49,2.130180835585117,1.5545624610268134,2,-1,1
2024,775341,2024-10-02,BAL,KC,1,2,0,1,F,3,-0.7490234804979536,0.01946169772256734,0.26625258799171814,0.35253152644456964,0.005838509316770202,0.5089592070148685,0.5899999999999999,0.05999999999999983,-0.5879032258064525,-0.7838709677419355,2,-1,1
2024,775339,2024-10-02,MIL,NYM,5,3,1,1,F,3,-13.872532678806465,0.0035888601780075247,-0.0129198966408266,-0.3720930232558137,0.0010766580534022573,0.5016023586719652,1.3699999999999997,0.29000000000000004,-0.2748883656734584,0.8213769586750019,2,-1,1
2024,775336,2024-10-03,SD,ATL,5,4,1,1,F,3,27.76959082416215,0.03631444575696374,0.32831612239454344,0.2729870822695575,0.010894333727089122,0.516254477230087,0.6299999999999999,0.010000000000000009,0.550611662840442,-0.8657155464038828,2,1,1
2024,775337,2024-10-03,MIL,NYM,2,4,0,1,F,3,-10.115472259832359,0.0035888601780075247,-0.0129198966408266,-0.3720930232558137,0.0010766580534022573,0.5016023586719652,-0.75,-0.08000000000000007,1.1495362886071643,-0.9809410363311493,3,0,1
2024,775324,2024-10-05,CLE,DET,7,0,1,1,D,5,-5.677653860986311,0.03278984200274149,0.13072649880960974,-0.0476156121491953,0.009836952600822445,0.5151666833516868,1.2800000000000002,0.3400000000000001,2.344689134106062,0.6583221990871051,1,0,0
2024,775318,2024-10-05,PHI,NYM,2,6,0,1,D,5,-7.143067459191798,0.024682551005849596,0.019118276501640885,-0.2677985447282065,0.007404765301754879,0.5108165562085782,-0.81,0.3999999999999999,-5.1075,0.6524999999999999,1,0,0
2024,775334,2024-10-05,NYY,KC,6,5,1,1,D,5,13.166053238020368,0.0364341085271318,0.5391472868217049,0.21176885130373524,0.010930232558139541,0.516514406184118,0.06000000000000005,-0.06000000000000005,1.548947368421052,0.3173684210526315,1,0,0
2024,775323,2024-10-06,LAD,SD,7,5,1,1,D,5,11.5266521431422,0.03377799971465256,0.6503780853188763,0.19639035525752657,0.010133399914395769,0.5142264819878015,-0.4700000000000002,0.040000000000000036,-0.147887323943662,-0.8897887323943658,1,0,0
2024,775319,2024-10-06,PHI,NYM,7,6,1,1,D,5,-11.463096758326856,0.024682551005849596,0.019118276501640885,-0.2677985447282065,0.007404765301754879,0.5108165562085782,-0.5900000000000003,0.0,-0.38172194777699353,-0.7872164532714994,2,-1,0
2024,775322,2024-10-07,LAD,SD,2,10,0,1,D,5,14.994173461159335,0.03377799971465256,0.6503780853188763,0.19639035525752657,0.010133399914395769,0.5142264819878015,-0.14000000000000012,0.0,2.1818594104308406,-0.31337868480725595,2,1,0
2024,775325,2024-10-07,CLE,DET,0,3,0,1,D,5,-2.014440607962797,0.03278984200274149,0.13072649880960974,-0.0476156121491953,0.009836952600822445,0.5151666833516868,0.33000000000000007,0.20999999999999985,-0.2505252100840334,1.3089548319327733,2,1,0
2024,775332,2024-10-07,NYY,KC,2,4,0,1,D,5,16.615046497682442,0.0364341085271318,0.5391472868217049,0.21176885130373524,0.010930232558139541,0.516514406184118,0.8199999999999998,0.08000000000000007,-0.742448249424994,-0.3047073856376179,2,1,0
2024,775316,2024-10-08,NYM,PHI,7,2,1,1,D,5,7.733661593110128,-0.024682551005849596,-0.019118276501640885,0.2677985447282065,-0.007404765301754879,0.48918344379142187,-0.09999999999999964,-0.11999999999999988,0.220947500843792,0.8635758338191528,3,0,0
2024,775321,2024-10-09,SD,LAD,6,5,1,1,D,5,-10.42253423224247,-0.03377799971465256,-0.6503780853188763,-0.19639035525752657,-0.010133399914395769,0.4857735180121984,-2.4299999999999997,-0.3600000000000001,2.770489018735243,-0.08025750343960736,3,0,0
2024,775328,2024-10-09,DET,CLE,3,0,1,1,D,5,6.393063988922449,-0.03278984200274149,-0.13072649880960974,0.0476156121491953,-0.009836952600822445,0.48483331664831314,2.0,0.29000000000000004,1.5372535454859912,1.1842269111034247,3,0,0
2024,775313,2024-10-09,NYM,PHI,4,1,1,1,D,5,11.24413820691575,-0.024682551005849596,-0.019118276501640885,0.2677985447282065,-0.007404765301754879,0.48918344379142187,0.29000000000000004,0.050000000000000044,-1.5284320177337527,0.8796520790398836,4,1,1
2024,775329,2024-10-09,KC,NYY,2,3,0,1,D,5,-12.02513970737823,-0.0364341085271318,-0.5391472868217049,-0.21176885130373524,-0.010930232558139541,0.4834855938158819,0.1499999999999999,-0.08999999999999986,-1.9263356854838705,-1.0737399193548387,3,0,0
2024,775320,2024-10-10,SD,LAD,0,8,0,1,D,5,-6.705021722722904,-0.03377799971465256,-0.6503780853188763,-0.19639035525752657,-0.010133399914395769,0.4857735180121984,-0.06999999999999984,0.1100000000000001,2.6121730382293755,1.4826458752515088,4,1,1
2024,775327,2024-10-10,DET,CLE,4,5,0,1,D,5,9.918750750839308,-0.03278984200274149,-0.13072649880960974,0.0476156121491953,-0.009836952600822445,0.48483331664831314,0.05999999999999961,0.05999999999999983,-1.5989907561924408,0.36368658765100204,4,1,1
2024,775331,2024-10-11,KC,NYY,1,3,0,1,D,5,-16.2892626901928,-0.0364341085271318,-0.5391472868217049,-0.21176885130373524,-0.010930232558139541,0.4834855938158819,-0.06000000000000005,0.06000000000000005,-1.548947368421052,-0.3173684210526315,4,-1,1
2024,775317,2024-10-12,LAD,SD,2,0,1,1,D,5,11.030061419390222,0.03377799971465256,0.6503780853188763,0.19639035525752657,0.010133399914395769,0.5142264819878015,-0.31000000000000005,0.040000000000000036,1.904081632653062,-0.22448979591836693,5,0,1
2024,775326,2024-10-12,CLE,DET,7,3,1,1,D,5,-5.4044667548844245,0.03278984200274149,0.13072649880960974,-0.0476156121491953,0.009836952600822445,0.5151666833516868,0.33000000000000007,0.20999999999999985,-0.2505252100840334,1.3089548319327733,5,0,1
2024,775307,2024-10-14,LAD,NYM,9,0,1,1,L,7,16.979847865216016,0.05232558139534882,0.43023255813953565,-0.1511627906976738,0.015697674418604646,0.5223880597014926,-0.20999999999999996,0.51,-4.409722222222221,0.42361111111111116,1,0,0
2024,775306,2024-10-14,LAD,NYM,3,7,0,1,L,7,20.385833127454134,0.05232558139534882,0.43023255813953565,-0.1511627906976738,0.015697674418604646,0.5223880597014926,0.06999999999999984,-0.1200000000000001,-1.079882044560943,-1.5139580602883358,2,1,0
2024,775314,2024-10-14,NYY,CLE,5,2,1,1,L,7,12.485494804967175,0.012881214315555,0.7064127558835809,0.2469711739312075,0.0038643642946665,0.5057165811754527,1.2000000000000002,0.17999999999999994,4.518367346938775,1.2783673469387755,1,0,0
2024,775312,2024-10-15,NYY,CLE,6,3,1,1,L,7,15.942176670517938,0.012881214315555,0.7064127558835809,0.2469711739312075,0.0038643642946665,0.5057165811754527,-0.06000000000000005,0.009999999999999787,-0.3120315183351874,0.46713809475704604,2,1,0
2024,775305,2024-10-17,NYM,LAD,0,8,0,1,L,7,-15.753527281141942,-0.05232558139534882,-0.43023255813953565,0.1511627906976738,-0.015697674418604646,0.4776119402985075,-1.4699999999999998,-0.31000000000000005,0.3155207624234171,-0.378099776329865,3,0,0
2024,775310,2024-10-17,CLE,NYY,7,5,1,1,L,7,-19.359850250070167,-0.012881214315555,-0.7064127558835809,-0.2469711739312075,-0.0038643642946665,0.4942834188245473,-0.1299999999999999,-0.050000000000000044,0.6283810399159666,-0.2144826680672267,3,-2,0
2024,775303,2024-10-18,NYM,LAD,2,10,0,1,L,7,-19.97488410781034,-0.05232558139534882,-0.43023255813953565,0.1511627906976738,-0.015697674418604646,0.4776119402985075,0.75,0.1399999999999999,-3.3669275929549904,1.128767123287671,4,-1,0
2024,775299,2024-10-18,NYM,LAD,12,6,1,1,L,7,-24.147759390408282,-0.05232558139534882,-0.43023255813953565,0.1511627906976738,-0.015697674418604646,0.4776119402985075,-0.27,0.21999999999999997,-3.265381083562903,1.3103764921946741,5,-2,1
2024,775311,2024-10-19,CLE,NYY,6,8,0,1,L,7,-15.53979259751145,-0.012881214315555,-0.7064127558835809,-0.2469711739312075,-0.0038643642946665,0.4942834188245473,1.3600000000000003,0.18000000000000016,-0.7919895893580122,-0.7797570850202438,4,-1,0
2024,775309,2024-10-20,CLE,NYY,2,5,0,1,L,7,-19.76360251608935,-0.012881214315555,-0.7064127558835809,-0.2469711739312075,-0.0038643642946665,0.4942834188245473,-0.48999999999999977,-0.09999999999999987,-0.33759254181518905,-0.6511982451329859,5,-2,1
2024,775302,2024-10-21,LAD,NYM,10,5,1,1,L,7,20.2726598109748,0.05232558139534882,0.43023255813953565,-0.1511627906976738,0.015697674418604646,0.5223880597014926,-0.010000000000000231,0.06999999999999984,2.5888371672617154,1.4010665702535356,6,1,1
2024,775300,2024-10-26,LAD,NYY,6,3,1,1,W,7,22.190571114318573,0.04069767441860461,0.21511627906976827,0.06976744186046524,0.012209302325581383,0.5172413793103449,-0.2400000000000002,-0.05999999999999983,1.3988304093567265,-0.6362573099415205,1,0,0
2024,775294,2024-10-27,LAD,NYY,4,2,1,1,W,7,25.5380234566087,0.04069767441860461,0.21511627906976827,0.06976744186046524,0.012209302325581383,0.5172413793103449,-0.96,-0.10999999999999988,0.47142857142857153,-0.7314285714285713,2,1,0
2024,775298,2024-10-29,NYY,LAD,2,4,0,1,W,7,-28.84802251963083,-0.04069767441860461,-0.21511627906976827,-0.06976744186046524,-0.012209302325581383,0.48275862068965525,-2.53,-0.3700000000000001,2.1625760508849554,-0.18107024336283217,3,-2,0
2024,775297,2024-10-30,NYY,LAD,11,4,1,1,W,7,-32.91884237656586,-0.04069767441860461,-0.21511627906976827,-0.06976744186046524,-0.012209302325581383,0.48275862068965525,1.3399999999999999,-0.3700000000000001,-2.8127472527472506,0.24923076923077048,4,-3,1
2024,775296,2024-10-31,NYY,LAD,6,7,0,1,W,7,-28.942802302599375,-0.04069767441860461,-0.21511627906976827,-0.06976744186046524,-0.012209302325581383,0.48275862068965525,0.2400000000000002,0.05999999999999983,-1.3988304093567265,0.6362573099415205,5,-2,1
2025,813072,2025-09-30,CLE,DET,1,2,0,1,F,3,12.984460710670874,-0.0017960038913417131,-0.6703584524433133,-0.1993564319389356,-0.0005388011674025139,0.49917046868519294,0.8500000000000001,0.38,-1.81781325697691,2.9347905739623696,1,0,0
2025,813066,2025-09-30,CHC,SD,3,1,1,1,F,3,10.619052424754045,0.03305214723926386,0.47358128834355817,0.03934049079754631,0.009915644171779158,0.5149145269568829,0.33999999999999986,0.10000000000000009,-1.6985583224115333,-0.37316811628738256,1,0,0
2025,813074,2025-09-30,NYY,BOS,1,3,0,1,F,3,6.462377167793875,0.01001506024096388,0.21626506024096415,0.13313253012048154,0.003004518072289164,0.5044609914805125,0.27,0.07000000000000006,-2.4687569256681883,0.33359558530207023,1,0,0
2025,813069,2025-10-01,LAD,CIN,10,5,1,1,F,3,35.46186671484497,0.06933139534883725,0.5954941860465119,-0.05319767441860446,0.020799418604651176,0.532043530834341,-0.4099999999999997,0.32000000000000006,-0.4688383362498314,1.641842778301252,1,0,0
2025,813071,2025-10-01,CLE,DET,6,1,1,1,F,3,8.4355051076584,-0.0017960038913417131,-0.6703584524433133,-0.1993564319389356,-0.0005388011674025139,0.49917046868519294,0.3700000000000001,-0.040000000000000036,-0.3996294614922151,0.4909512533280984,2,-1,1
2025,813064,2025-10-01,CHC,SD,0,3,0,1,F,3,14.096841250418038,0.03305214723926386,0.47358128834355817,0.03934049079754631,0.009915644171779158,0.5149145269568829,-1.15,-0.3500000000000001,-0.6499326145552562,-1.9356469002695416,2,1,1
2025,813070,2025-10-01,NYY,BOS,4,3,1,1,F,3,1.9872771713662587,0.01001506024096388,0.21626506024096415,0.13313253012048154,0.003004518072289164,0.5044609914805125,-0.26000000000000023,-0.18999999999999995,2.657242320819111,0.17748122866894134,2,-1,1
2025,813068,2025-10-02,LAD,CIN,8,4,1,1,F,3,38.661586395679706,0.06933139534883725,0.5954941860465119,-0.05319767441860446,0.020799418604651176,0.532043530834341,-1.3199999999999998,-0.1100000000000001,4.1486495749931445,1.5147244310392105,2,1,1
2025,813073,2025-10-02,CLE,DET,3,6,0,1,F,3,11.938024446208374,-0.0017960038913417131,-0.6703584524433133,-0.1993564319389356,-0.0005388011674025139,0.49917046868519294,-0.33999999999999986,-0.09000000000000008,-3.0774985883681545,-1.1163184641445514,3,0,1
2025,813059,2025-10-02,CHC,SD,3,1,1,1,F,3,9.535325663905041,0.03305214723926386,0.47358128834355817,0.03934049079754631,0.009915644171779158,0.5149145269568829,-1.6999999999999997,-0.11999999999999988,-1.6979434447300763,-0.5009640102827762,3,0,1
2025,813065,2025-10-03,NYY,BOS,4,0,1,1,F,3,5.56304683882172,0.01001506024096388,0.21626506024096415,0.13313253012048154,0.003004518072289164,0.5044609914805125,0.6299999999999999,0.1299999999999999,-3.1438356164383556,1.9598488427019367,3,0,1
2025,813047,2025-10-04,MIL,CHC,9,3,1,1,D,5,12.694132557549892,0.028250247970316944,0.14988428051871772,-0.19525366445024073,0.008475074391095083,0.5120794194338851,-0.5099999999999998,-0.010000000000000009,2.6781671159029647,1.2583680470472927,1,0,0
2025,813063,2025-10-04,TOR,NYY,10,1,1,1,D,5,6.984035332005078,0.01419470987397864,-0.03178230162027429,0.11341919401744871,0.004258412962193592,0.5061892397802065,0.27,-0.33999999999999986,2.339787292064357,-2.8789200981728933,1,0,0
2025,813051,2025-10-04,PHI,LAD,3,5,0,1,D,5,-9.150013574556624,0.004665518231409704,-0.2360034453057711,-0.22164800459374145,0.0013996554694229112,0.5020182574675526,-0.3700000000000001,0.020000000000000018,-2.42679587107647,0.2369917842848115,1,0,0
2025,813058,2025-10-05,SEA,DET,2,3,0,1,D,5,18.372731291398168,0.014044343052684094,0.1251871390888999,0.12696941612604284,0.004213302915805228,0.5063931978970598,1.4500000000000002,0.17999999999999994,2.6908237747653807,-0.8847758081334725,1,0,0
2025,813062,2025-10-05,TOR,NYY,13,7,1,1,D,5,10.503015311200215,0.01419470987397864,-0.03178230162027429,0.11341919401744871,0.004258412962193592,0.5061892397802065,0.3500000000000001,0.32999999999999985,1.5775231594344241,2.150170648464164,2,1,0
2025,813057,2025-10-06,SEA,DET,3,2,1,1,D,5,13.763043456655623,0.014044343052684094,0.1251871390888999,0.12696941612604284,0.004213302915805228,0.5063931978970598,1.33,0.2899999999999999,-3.03398486203292,0.771035099429493,2,-1,0
2025,813052,2025-10-06,PHI,LAD,3,4,0,1,D,5,-13.44707459746246,0.004665518231409704,-0.2360034453057711,-0.22164800459374145,0.0013996554694229112,0.5020182574675526,1.5699999999999998,-0.040000000000000036,0.01917462321470964,-1.0221139430284856,2,-1,0
2025,813048,2025-10-07,MIL,CHC,7,3,1,1,D,5,16.148456901443296,0.028250247970316944,0.14988428051871772,-0.19525366445024073,0.008475074391095083,0.5120794194338851,-1.5699999999999998,0.17999999999999994,2.9811981566820274,1.6224884792626724,2,1,0
2025,813056,2025-10-07,DET,SEA,4,8,0,1,D,5,-17.205295635411176,-0.014044343052684094,-0.1251871390888999,-0.12696941612604284,-0.004213302915805228,0.4936068021029403,1.1999999999999997,0.25,-1.37617941301977,1.1683656535963207,3,0,0
2025,813061,2025-10-08,NYY,TOR,9,6,1,1,D,5,-13.982117351137731,-0.01419470987397864,0.03178230162027429,-0.11341919401744871,-0.004258412962193592,0.4938107602197935,-0.48,0.030000000000000027,1.0970439737116742,1.8014977575945617,3,-2,1
2025,813055,2025-10-08,DET,SEA,9,3,1,1,D,5,-21.409985790013025,-0.014044343052684094,-0.1251871390888999,-0.12696941612604284,-0.004213302915805228,0.4936068021029403,-1.8099999999999996,-0.1399999999999999,1.0232794274251464,-1.2129572302434437,4,-1,1
2025,813049,2025-10-08,CHC,MIL,4,3,1,1,D,5,-19.563806126655436,-0.028250247970316944,-0.14988428051871772,0.19525366445024073,-0.008475074391095083,0.48792058056611476,0.3600000000000003,-0.17999999999999994,-0.7487909023571948,-0.9861335018081996,3,-2,1
2025,813060,2025-10-08,NYY,TOR,2,5,0,1,D,5,-10.223799921807768,-0.01419470987397864,0.03178230162027429,-0.11341919401744871,-0.004258412962193592,0.4938107602197935,-0.010000000000000231,0.020000000000000018,1.0671735578735717,1.0971471660173435,4,-1,1
2025,813041,2025-10-09,LAD,PHI,2,8,0,1,D,5,17.694894011922997,-0.004665518231409704,0.2360034453057711,0.22164800459374145,-0.0013996554694229112,0.49798174253244737,-3.5199999999999996,-0.3600000000000001,1.1620897567195456,0.3862034820235616,3,2,1
2025,813042,2025-10-09,LAD,PHI,2,1,1,1,D,5,13.092831021476968,-0.004665518231409704,0.2360034453057711,0.22164800459374145,-0.0013996554694229112,0.49798174253244737,0.69,0.040000000000000036,1.1153410544006448,2.3237368017244533,4,1,1
2025,813050,2025-10-10,CHC,MIL,6,0,1,1,D,5,-15.74140503559056,-0.028250247970316944,-0.14988428051871772,0.19525366445024073,-0.008475074391095083,0.48792058056611476,0.5099999999999998,0.010000000000000009,-2.6781671159029647,-1.2583680470472927,4,-1,1
2025,813054,2025-10-11,SEA,DET,3,2,1,1,D,5,17.56636686450406,0.014044343052684094,0.1251871390888999,0.12696941612604284,0.004213302915805228,0.5063931978970598,2.0,0.29999999999999993,-1.3183812774256456,0.550950755728913,5,0,1
2025,813046,2025-10-12,MIL,CHC,3,1,1,1,D,5,11.96290099709995,0.028250247970316944,0.14988428051871772,-0.19525366445024073,0.008475074391095083,0.5120794194338851,0.3200000000000003,0.05999999999999983,1.1605026417249746,0.5371983435670424,5,0,1
2025,813040,2025-10-13,TOR,SEA,1,3,0,1,L,7,16.527842212778296,0.024246752363463298,0.29483778820648876,0.08885941644562312,0.007274025709038989,0.510665669409125,-2.09,-0.34999999999999987,1.4407777756534035,-1.0558476569221655,1,0,0
2025,813044,2025-10-13,TOR,SEA,3,10,0,1,L,7,11.93891759938083,0.024246752363463298,0.29483778820648876,0.08885941644562312,0.007274025709038989,0.510665669409125,-0.22999999999999998,0.3999999999999999,-1.5997818974918196,2.3702290076335877,2,-1,0
2025,813036,2025-10-14,MIL,LAD,1,2,0,1,L,7,-6.596344154250801,0.023220999860743552,-0.08452861718423588,-0.5027154992340903,0.006966299958223066,0.5098864613286692,-0.18999999999999995,-0.09000000000000008,-0.3052173913043479,-0.5752173913043479,1,0,0
2025,813034,2025-10-15,MIL,LAD,1,5,0,1,L,7,-10.92262675415941,0.023220999860743552,-0.08452861718423588,-0.5027154992340903,0.006966299958223066,0.5098864613286692,0.20999999999999996,0.09000000000000008,-0.024053887661608542,0.30468257704704316,2,-1,0
2025,813043,2025-10-16,SEA,TOR,4,13,0,1,L,7,-7.401777384346815,-0.024246752363463298,-0.29483778820648876,-0.08885941644562312,-0.007274025709038989,0.48933433059087506,0.6400000000000001,0.16999999999999993,1.529515938606849,0.5094451003541915,3,2,0
2025,813033,2025-10-16,LAD,MIL,3,1,1,1,L,7,15.199384853639003,-0.023220999860743552,0.08452861718423588,0.5027154992340903,-0.006966299958223066,0.4901135386713308,1.0299999999999998,-0.06999999999999984,0.30088560885609006,1.0441328413284139,3,2,0
2025,813035,2025-10-17,SEA,TOR,2,8,0,1,L,7,-11.718847065564887,-0.024246752363463298,-0.29483778820648876,-0.08885941644562312,-0.007274025709038989,0.48933433059087506,-1.6500000000000004,-0.1100000000000001,-0.6122422400694578,-0.14378120251790705,4,1,0
2025,813039,2025-10-17,SEA,TOR,6,2,1,1,L,7,-15.986480792476186,-0.024246752363463298,-0.29483778820648876,-0.08885941644562312,-0.007274025709038989,0.48933433059087506,2.09,0.34999999999999987,-1.4407777756534035,1.0558476569221655,5,0,0
2025,813031,2025-10-18,LAD,MIL,5,1,1,1,L,7,18.625431488404956,-0.023220999860743552,0.08452861718423588,0.5027154992340903,-0.006966299958223066,0.4901135386713308,-1.0899999999999999,-0.25,5.788796121734446,-1.6943172636681934,4,3,1
2025,813038,2025-10-20,TOR,SEA,6,2,1,1,L,7,12.205163757279252,0.024246752363463298,0.29483778820648876,0.08885941644562312,0.007274025709038989,0.510665669409125,-0.22999999999999998,0.3999999999999999,-1.5997818974918196,2.3702290076335877,6,-1,1
2025,813037,2025-10-21,TOR,SEA,4,3,1,1,L,7,15.665013854820927,0.024246752363463298,0.29483778820648876,0.08885941644562312,0.007274025709038989,0.510665669409125,-0.6400000000000001,-0.16999999999999993,-1.529515938606849,-0.5094451003541915,7,0,1
2025,813027,2025-10-25,TOR,LAD,11,4,1,1,W,7,-8.366824857833763,0.004878374766105309,0.057738572574177915,0.18724939855653489,0.0014635124298315926,0.5021099485519395,0.8599999999999999,0.16999999999999993,-0.2795031055900612,0.6847826086956523,1,0,0
2025,813026,2025-10-26,TOR,LAD,1,5,0,1,W,7,-4.672851427390015,0.004878374766105309,0.057738572574177915,0.18724939855653489,0.0014635124298315926,0.5021099485519395,1.0999999999999996,0.07000000000000006,-1.6030352152596148,-0.7259753562797733,2,1,0
2025,813032,2025-10-28,LAD,TOR,6,5,1,1,W,7,9.02112155362829,-0.004878374766105309,-0.057738572574177915,-0.18724939855653489,-0.0014635124298315926,0.49789005144806064,-2.0000000000000004,-0.18999999999999995,1.87853266767962,1.848838723681355,3,0,0
2025,813023,2025-10-29,LAD,TOR,2,6,0,1,W,7,12.517004418469242,-0.004878374766105309,-0.057738572574177915,-0.18724939855653489,-0.0014635124298315926,0.49789005144806064,-0.6999999999999997,0.020000000000000018,3.6161420784244775,0.1614207842447688,4,1,0
2025,813022,2025-10-30,LAD,TOR,1,6,0,1,W,7,7.973330213519603,-0.004878374766105309,-0.057738572574177915,-0.18724939855653489,-0.0014635124298315926,0.49789005144806064,-0.8599999999999999,-0.16999999999999993,0.2795031055900612,-0.6847826086956523,5,0,0
2025,813025,2025-11-01,TOR,LAD,1,3,0,1,W,7,-3.4810890962648955,0.004878374766105309,0.057738572574177915,0.18724939855653489,0.0014635124298315926,0.5021099485519395,1.0999999999999996,0.07000000000000006,-1.6030352152596148,-0.7259753562797733,6,1,1
2025,813024,2025-11-02,TOR,LAD,4,5,0,1,W,7,-7.842971761489935,0.004878374766105309,0.057738572574177915,0.18724939855653489,0.0014635124298315926,0.5021099485519395,2.3200000000000003,0.25,-3.189987484355445,0.7118898623279097,7,0,1
